,Method,Food_Supply_Quantity_kg_Data.csv,Fat_Supply_Quantity_Data.csv,Food_Supply_kcal_Data.csv,Protein_Supply_Quantity_Data.csv
0,top23output,-0.23243719339370728,-0.13998301327228546,-0.30025744438171387,-0.19911381602287292
1,top8output,-0.6739433407783508,-0.641054093837738,-0.8301858305931091,-0.7178142666816711
