,Method,Food_Supply_Quantity_kg_Data.csv,Fat_Supply_Quantity_Data.csv,Food_Supply_kcal_Data.csv,Protein_Supply_Quantity_Data.csv
0,top23output,-0.23188361525535583,-0.1394699662923813,-0.30119457840919495,-0.19955269992351532
1,top8output,-0.6847347617149353,-0.6470654606819153,-0.8106015920639038,-0.6964514851570129
